Value,Description,Price,Rating,ReviewCount,Url
58113.51674641148,"Command Poster Hanging Strips, Small, White, Indoor Use, 64-Strips, Decorate Damage-Free",8.36,4.6,21123,https://www.amazon.com/Command-Damage-Free-Poster-posters-Packaging/dp/B0751VFF2X/ref=sr_1_14?dchild=1&keywords=poster&qid=1625449381&sr=8-14
2975.879396984925,"Palace Learning Vincent Van Gogh (Skull with Cigarette, 1885) Art Poster Print - 18 x 24 Laminated - Van Gogh Skeleton",9.95,4.7,1260,https://www.amazon.com/Palace-Learning-Vincent-Cigarette-Poster/dp/B07BHXCHC8/ref=sr_1_6?dchild=1&keywords=poster&qid=1625449381&sr=8-6
2880.744125326371,Basketball Superstar No. 24 Finals 2010 Poster - 18 × 24 Inch,7.66,4.7,939,https://www.amazon.com/Kobe-Bryant-Finals-2010-Poster/dp/B07X98W63R/ref=sr_1_50?dchild=1&keywords=poster&qid=1625449381&sr=8-50
2308.3910700538872,Popular Vintage French Types of Papillons Butterflies Set; Two 11x14in Paper Print Posters,12.99,4.7,1276,https://www.amazon.com/Gango-Home-D%C3%A9cor-Papillons-Butterflies/dp/B015Y9Y47Q/ref=sr_1_39?dchild=1&keywords=poster&qid=1625449381&sr=8-39
2084.1051314142674,Wall,7.99,4.6,724,https://www.amazon.com/LLp-Poster-18-Inches-24-Inches-Print/dp/B07XRM169L/ref=sr_1_21?dchild=1&keywords=poster&qid=1625449381&sr=8-21
1659.6984924623114,"The Great Wave Off Kanagawa by Katsushika Hokusai - Japanese Fine Art Wall Poster (Laminated, 18"" x 24"")",9.95,4.6,718,https://www.amazon.com/Great-Wave-Kanagawa-Katsushika-Hokusai/dp/B07K6VYRY8/ref=sr_1_42?dchild=1&keywords=poster&qid=1625449381&sr=8-42
1372.8114478114478,"HAOSHUNDA HSD Wall Art Rick and Morty Posters On Canvas Oil Painting Posters and Prints Decorations Wall Art Picture Living Room Wall Ready to Hang 12"" x 18"" 16"" x 24"" (12""x18""x1, Artwork-7)",11.88,4.7,694,https://www.amazon.com/HAOSHUNDA-Posters-Painting-Decorations-Artwork-7/dp/B082FKCDB3/ref=sr_1_11?dchild=1&keywords=poster&qid=1625449381&sr=8-11
1059.1549295774648,"Trends International 24X36 Star Wars: Revenge of The Sith - One Sheet Wall Poster, 24"" x 36"", Unframed Version",11.36,4.7,512,https://www.amazon.com/Trends-International-24x36-Star-Wars/dp/B084TJZT31/ref=sr_1_30?dchild=1&keywords=poster&qid=1625449381&sr=8-30
1032.1105527638192,Try Not To Be A Dick - Funny Buddha Quote Poster Print,9.95,4.7,437,https://www.amazon.com/Pointless-Posters-Try-Not-Dick/dp/B071V88HZT/ref=sr_1_23?dchild=1&keywords=poster&qid=1625449381&sr=8-23
1021.2484993997598,"EzPosterPrints - Upload Your Image/Photo - Custom Personalized Photo to Poster Printing, Wall Art Prints - (24 X 36 inches)",24.99,4.7,1086,https://www.amazon.com/EzPosterPrints-Upload-Custom-Personalized-Printing/dp/B07DG1642Z/ref=sr_1_48?dchild=1&keywords=poster&qid=1625449381&sr=8-48
980.3834808259585,"Nirvana Poster - 11 x 17 Promo for a Concert on the ""In Utero"" Album Tour -- Germany",6.78,4.6,289,https://www.amazon.com/Nirvana-Poster-Promo-Concert-Germany/dp/B01EGR4BAW/ref=sr_1_15?dchild=1&keywords=poster&qid=1625449381&sr=8-15
967.4952198852772,"YINGENIVA 50PCS Album Cover Aesthetic Pictures Wall Collage Kit, Album Style Photo Collection Collage Dorm Decor for Girl and Boy Teens, Trendy Wall Prints Kit, Small Poster for Room Bedroom Aesthetic",15.69,4.6,660,https://www.amazon.com/YINGENIVA-Aesthetic-Pictures-Collage-Collection/dp/B08SQLFST6/ref=sr_1_4?dchild=1&keywords=poster&qid=1625449381&sr=8-4
852.7619047619048,"Vinyl Etchings New Rap Music Star Art Silk Poster for Room Walls, 12"" x 18"" (30 x 45 cm)",10.50,4.4,407,https://www.amazon.com/Kopoo-Music-Star-Poster-Walls/dp/B07YLJ87TB/ref=sr_1_40?dchild=1&keywords=poster&qid=1625449381&sr=8-40
787.4195854181557,"Elon Musk Posters for College Dorm - By Haus and Hues | Trippy Room Decor and Cool Posters for Guys | Funny College Posters for Guys, Cool Posters for Guys Bedroom | UNFRAMED (12x16)",13.99,4.8,459,https://www.amazon.com/HAUS-HUES-Elon-Musk-Trippy-Art-Print/dp/B086RD8FWY/ref=sr_1_7?dchild=1&keywords=poster&qid=1625449381&sr=8-7
768.4372594303309,"Neon Art and College Posters By Haus and Hues | College Dorm Room Decorations, Cool Posters for Guys, Trippy Neon Room Decor, Asian Art, Neon Posters for Rooms | Unframed/Frameable (12x16, Seoul)",12.99,4.6,434,https://www.amazon.com/College-Posters-Decorations-Unframed-Frameable/dp/B07N5CK9DM/ref=sr_1_13?dchild=1&keywords=poster&qid=1625449381&sr=8-13
645.8429561200924,Artist Unknown Painting Replica Funny Cool Wall Decor Art Print Poster 24x36,12.99,4.7,357,https://www.amazon.com/Artist-Painting-Replica-Funny-Poster/dp/B07T8KFW16/ref=sr_1_10?dchild=1&keywords=poster&qid=1625449381&sr=8-10
518.1941567254803,Amazon Basics Portable Foldable Photo Studio Box with LED Light - 25 x 30 x 25 Inches,139.99,4.6,3154,https://www.amazon.com/AmazonBasics-Portable-Foldable-Photo-Studio/dp/B01GIL6EU4/ref=sr_1_44?dchild=1&keywords=poster&qid=1625449381&sr=8-44
465.2763819095478,"3 Pack of Posters: Vincent Van Gogh Skeleton + The Old Guitarist by Pablo Picasso + The Great Wave Off Kanagawa by Katsushika Hokusai - Set of 3 Fine Art Prints (LAMINATED, 18"" x 24"")",9.95,4.7,197,https://www.amazon.com/Pack-Posters-Guitarist-Katsushika-LAMINATED/dp/B08DK8CZ6Y/ref=sr_1_2?dchild=1&keywords=poster&qid=1625449381&sr=8-2
408.9543937708565,"Japan Anime Manga Poster - Jujutsu Kaisen Poster - Anime Poster Metal Wall Decoration 12"" x 8""",8.99,4.3,171,https://www.amazon.com/Japan-Anime-Manga-Poster-Decoration/dp/B08SRD1YP4/ref=sr_1_17?dchild=1&keywords=poster&qid=1625449381&sr=8-17
387.0967741935484,"dSNAPoutof 'I Want To Believe UFO' Kraft Posters, Retro Aesthetic 90s Crafts Vintage Wall Art Paintings for Bedroom Bar Cafe Bathroom Living Room Decor Christmas Gift",1.24,4.0,24,https://www.amazon.com/dSNAPoutof-Aesthetic-Paintings-Bathroom-Christmas/dp/B08P5PTH8L/ref=sr_1_3?dchild=1&keywords=poster&qid=1625449381&sr=8-3
361.81211784324626,"Impressionists Art Posters for Decorations (13 x 19 in, 20 Pack)",17.99,4.6,283,https://www.amazon.com/Impressionists-Art-Posters-Decorations-Pack/dp/1789789184/ref=sr_1_32?dchild=1&keywords=poster&qid=1625449381&sr=8-32
358.54181558255897,"Stranger Things Set of 3 Posters - Season 1,2 and 3 Posters 24in x 36in Fan Memorabilia Netflix TV Show",13.99,4.8,209,https://www.amazon.com/Stranger-Things-Set-Posters-Memorabilia/dp/B07WX2D6Z4/ref=sr_1_36?dchild=1&keywords=poster&qid=1625449381&sr=8-36
347.03618167821395,Pyramid America Audrey Hepburn Window Scene Breakfast at Tiffanys Holly Golightly Comedy Movie Film Cool Wall Decor Art Print Poster 36x24,12.99,4.6,196,https://www.amazon.com/Pyramid-America-Hepburn-Breakfast-Tiffanys-Window-Shopping/dp/B00421A7F6/ref=sr_1_45?dchild=1&keywords=poster&qid=1625449381&sr=8-45
257.7272727272727,"Kopoo Freedom Music Cool Wall Art Print Poster, 12"" x 18"" (30 x 45 cm)",11.00,4.2,135,https://www.amazon.com/Kopoo-Freedom-Music-Print-Poster/dp/B07YLK38R7/ref=sr_1_19?dchild=1&keywords=poster&qid=1625449381&sr=8-19
246.1,"Kopoo Playboi Carti Die Lit Rap Album Poster Print Music Cover Poster, 24x36",20.00,4.6,214,https://www.amazon.com/Kopoo-Playboi-Carti-Album-Poster/dp/B086W5XBXW/ref=sr_1_16?dchild=1&keywords=poster&qid=1625449381&sr=8-16
238.273381294964,"3 Pack - Vitruvian Man by Leonardo Da Vinci + Starry Night & Over The Rhone by Vincent Van Gogh - Fine Art Poster Prints (Laminated, 18"" x 24"")",6.95,4.6,72,https://www.amazon.com/Pack-Vitruvian-Leonardo-Vincent-Laminated/dp/B08M9DR3TF/ref=sr_1_29?dchild=1&keywords=poster&qid=1625449381&sr=8-29
186.3356428021555,Pulp Fiction Posters for 90s Room Aesthetic - by Haus and Hues | Quentin Tarantino Movie Posters Pulp Fiction Art Print | Pulp Fiction Merchandise Tarantino Art Noir Film Posters UNFRAMED (12x16),12.99,4.7,103,https://www.amazon.com/Pulp-Fiction-Posters-Room-Aesthetic/dp/B08GTSGR37/ref=sr_1_22?dchild=1&keywords=poster&qid=1625449381&sr=8-22
177.73333333333332,"Inked and Screened JACKBOYS & Travis Scott Art Music Album Poster HD Print, 24x36",22.50,4.3,186,https://www.amazon.com/Inked-Screened-JACKBOYS-Travis-Poster/dp/B08HMN5LDJ/ref=sr_1_34?dchild=1&keywords=poster&qid=1625449381&sr=8-34
157.44640122511484,"Poster Palooza 12x22 Contemporary Black Wood Picture Frame - UV Acrylic, Foam Board Backing, & Hanging Hardware Included!",26.12,4.7,175,https://www.amazon.com/gp/slredirect/picassoRedirect.html/ref=pa_sp_btf_aps_sr_pg1_1?ie=UTF8&adId=A08365561S64DJKZFORCR&url=%2FPoster-Palooza-12x22-Contemporary-Picture%2Fdp%2FB01GP5CYVG%2Fref%3Dsr_1_53_sspa%3Fdchild%3D1%26keywords%3Dposter%26qid%3D1625449381%26sr%3D8-53-spons%26psc%3D1&qualifier=1625449381&id=2480850689657370&widgetName=sp_btf
146.69926650366747,Reefer Madness Poster Standard Size | 18-Inches by 24-Inches | Reefer Madness Posters Wall Poster Print,16.36,4.8,100,https://www.amazon.com/Madness-Standard-18-Inches-24-Inches-Posters/dp/B07J46Y8TY/ref=sr_1_43?dchild=1&keywords=poster&qid=1625449381&sr=8-43
140.06211180124222,Currents - Poster 12x18 inches（30cm x 46cm） Psychedelic Rock Frameless Gift-LT-007,12.88,4.4,82,https://www.amazon.com/Currents-inches%EF%BC%8830cm-Psychedelic-Frameless-Gift-LT-007/dp/B086V6Q3Q5/ref=sr_1_9?dchild=1&keywords=poster&qid=1625449381&sr=8-9
120.82551594746714,"Jujutsu Kaisen Posters Japanese Anime Poster Art Prints for Home Wall Decor, 11.5in x16.5in,Set of 8 PCS (Jujutsu Kaisen)",15.99,4.6,84,https://www.amazon.com/Jujutsu-Kaisen-Posters-Japanese-x16-5in/dp/B08WWKY6B6/ref=sr_1_47?dchild=1&keywords=poster&qid=1625449381&sr=8-47
120.58708923236786,"Klvied Heavy Duty Pedestal Poster Sign Stand, Adjustable Aluminum 11"" x 17"" Floor Standing Sign Holder for Both Vertical and Horizontal View, Black",76.99,4.4,422,https://www.amazon.com/gp/slredirect/picassoRedirect.html/ref=pa_sp_btf_aps_sr_pg1_1?ie=UTF8&adId=A04043743BBE3A53V9M21&url=%2FKlvied-Pedestal-Adjustable-Aluminum-Horizontal%2Fdp%2FB07ZP34LHG%2Fref%3Dsr_1_58_sspa%3Fdchild%3D1%26keywords%3Dposter%26qid%3D1625449381%26sr%3D8-58-spons%26psc%3D1&qualifier=1625449381&id=2480850689657370&widgetName=sp_btf
95.38461538461537,"Frank Ocean Poster Blond, Moto Blond Album Cover Music Poster, Channel, Blonde, Aesthetic Room Wall Decor, Not Framed, 11 by 17 inches, Premium Silk Art Print by Inkvo",14.95,4.6,62,https://www.amazon.com/Poster-Channel-Aesthetic-Premium-Inkvo/dp/B08RW6YJ99/ref=sr_1_12?dchild=1&keywords=poster&qid=1625449381&sr=8-12
61.05195224265892,"Adjustable Pedestal Poster Sign Stand,11 x 17 Advertising Business Menu Sign Holder for Floor Standing with Aluminum Snap-Open Reusable Frame,Silver (11 x 17)",30.99,4.4,86,https://www.amazon.com/gp/slredirect/picassoRedirect.html/ref=pa_sp_mtf_aps_sr_pg1_1?ie=UTF8&adId=A029186215RW4NK4DDT57&url=%2FAdjustable-Pedestal-Advertising-Business-Snap-Open%2Fdp%2FB08BSNV8ZL%2Fref%3Dsr_1_27_sspa%3Fdchild%3D1%26keywords%3Dposter%26qid%3D1625449381%26sr%3D8-27-spons%26psc%3D1&qualifier=1625449381&id=2480850689657370&widgetName=sp_mtf
44.0766550522648,"oceansEdge11 Some People Want Michael Jordan Quotes Poster Print 24"" x 36"" inch(60 x 91.5 cm) Frameless Rolled",22.96,4.6,44,https://www.amazon.com/oceansEdge11-People-Michael-Jordan-Frameless/dp/B08KVWNVTT/ref=sr_1_38?dchild=1&keywords=poster&qid=1625449381&sr=8-38
40.37267080745341,FatCat Wall Graphics Christ-EZ Hamilton an American Musical Broadway Paper Poster - No Frame - Matte Poster Frameless Gift 12 x 18 inch(30cm x 46cm)-S-GZ067,12.88,4.0,26,https://www.amazon.com/FatCat-Wall-Graphics-Christ-EZ-Hamilton/dp/B08FZB857V/ref=sr_1_5?dchild=1&keywords=poster&qid=1625449381&sr=8-5
32.939527432919505,"100 Anime Scratch Off Poster - Top Japanese Animation of All Time Bucket List (16.5"" x 23.4"")",24.97,4.7,35,https://www.amazon.com/100-Anime-Scratch-Off-Poster/dp/B092D3P7LM/ref=sr_1_33?dchild=1&keywords=poster&qid=1625449381&sr=8-33
31.63818257607336,"2021 Florida State and Federal Labor Laws Poster - OSHA Workplace Compliant 24"" x 36"" - All in One Required Posting - Laminated",23.99,4.6,33,https://www.amazon.com/gp/slredirect/picassoRedirect.html/ref=pa_sp_mtf_aps_sr_pg1_1?ie=UTF8&adId=A016518535MTTRDESLWTZ&url=%2FFlorida-State-Federal-Labor-Poster%2Fdp%2FB0839PSLQP%2Fref%3Dsr_1_26_sspa%3Fdchild%3D1%26keywords%3Dposter%26qid%3D1625449381%26sr%3D8-26-spons%26psc%3D1&qualifier=1625449381&id=2480850689657370&widgetName=sp_mtf
31.554369579719808,"Ariana Grande - Thank U, Next Album Cover Poster Print With Track List and Color Tiles - 11"" x 17"" inches Ready to Frame - Wall Art",14.99,4.3,22,https://www.amazon.com/Ariana-Grande-Thank-Poster-inches/dp/B08QB72SYN/ref=sr_1_46?dchild=1&keywords=poster&qid=1625449381&sr=8-46
28.701594533029613,SZA Poster Decorative Painting Canvas Wall Art Living Room Posters Bedroom Painting 08x12inch(20x30cm),8.78,3.6,14,https://www.amazon.com/Decorative-Painting-Posters-Bedroom-08x12inch/dp/B08W8CKQZ7/ref=sr_1_18?dchild=1&keywords=poster&qid=1625449381&sr=8-18
24.61230615307654,"Anime Aesthetic Wall Collage Kit 60 PCS Anime Room Decor Aesthetic Collage Kit Manga 4x6 inch, Small Japan Anime Posters for Room Aesthetic (Anime)",19.99,4.1,24,https://www.amazon.com/Anime-Aesthetic-Collage-Decor-Posters/dp/B093KTLXG3/ref=sr_1_35?dchild=1&keywords=poster&qid=1625449381&sr=8-35
23.130300693909017,Soucyy Tame Impala At Glastonbury Gig Poster Vintage Colorful Canvas Painting Retro Wall Pictures for Living Room Home Decor No Frame 16x24 inch,12.97,5.0,12,https://www.amazon.com/Glastonbury-Vintage-Colorful-Painting-Pictures/dp/B08QRX1B4C/ref=sr_1_8?dchild=1&keywords=poster&qid=1625449381&sr=8-8
18.421052631578945,If I Believe You by The 1975 inspired song lyric wall art print poster,19.95,4.9,15,https://www.amazon.com/Believe-inspired-lyric-print-poster/dp/B0734CD383/ref=sr_1_52?dchild=1&keywords=poster&qid=1625449381&sr=8-52
12.394149345650497,Vixato Anime Throw Pillow Case Merch Poster Art Gift Pillow Cover Japanese Decor for Living Room,12.99,4.6,7,https://www.amazon.com/gp/slredirect/picassoRedirect.html/ref=pa_sp_btf_aps_sr_pg1_1?ie=UTF8&adId=A06973974ZMLGYD37FPH&url=%2FVixato-Pillow-Poster-Japanese-Living%2Fdp%2FB08VJ2VY9B%2Fref%3Dsr_1_54_sspa%3Fdchild%3D1%26keywords%3Dposter%26qid%3D1625449381%26sr%3D8-54-spons%26psc%3D1&qualifier=1625449381&id=2480850689657370&widgetName=sp_btf
9.58751393534002,"Amazon Brand – Stone & Beam Modern Black and White Cabin in Snow Photo Posster Print Framed Wall Art Decor - 13 x 15 Inch Picture Frame, Black",35.88,4.3,16,https://www.amazon.com/gp/slredirect/picassoRedirect.html/ref=pa_sp_atf_aps_sr_pg1_1?ie=UTF8&adId=A035219233LZOE6B0XWQJ&url=%2FModern-Black-White-Cabin-Photo%2Fdp%2FB075YMJCHX%2Fref%3Dsr_1_1_sspa%3Fdchild%3D1%26keywords%3Dposter%26qid%3D1625449381%26sr%3D8-1-spons%26psc%3D1&qualifier=1625449381&id=2480850689657370&widgetName=sp_atf
8.553230209281166,"Anima/Manga TV Show Poster, Canvas Art Poster and Wall Art Picture Print Modern Family Teen Boys Bedroom Decor Posters (16x24 In)",10.99,4.7,4,https://www.amazon.com/Poster-Canvas-Picture-Bedroom-Posters/dp/B093H238SS/ref=sr_1_31?dchild=1&keywords=poster&qid=1625449381&sr=8-31
8.398856325947104,"Kid Cudi - Man On The Moon II Posters Kid Cudi Art Posters Print Standard Size 18""x24"" Inches",13.99,4.7,5,https://www.amazon.com/Kid-Cudi-Posters-Standard-Inches/dp/B08T5R34BM/ref=sr_1_49?dchild=1&keywords=poster&qid=1625449381&sr=8-49
7.852193995381061,UpdateClassic Threat Level Midnight Gaming Poster and Prints Unframed Wall Art Gifts Decor 11x17 Style 02,12.99,3.4,6,https://www.amazon.com/UpdateClassic-Threat-Midnight-Gaming-Unframed/dp/B08MYSVQR9/ref=sr_1_20?dchild=1&keywords=poster&qid=1625449381&sr=8-20
5.86132952108649,"Japanese Anime Poster One Piece Luffy My Hero Academia Naruto Demon Slayer Print on Canvas Painting Wall Art for Living Room Decor Boy Gift (Unframed, One piece 2)",13.99,4.1,4,https://www.amazon.com/Japanese-Poster-Academia-Painting-Unframed/dp/B091YC5CN2/ref=sr_1_25?dchild=1&keywords=poster&qid=1625449381&sr=8-25
2.8335582189062625,"Koonmi 24x36 Poster Frame White Wood Frame for Movie Poster, Prints, Artwork (Set of 4)",125.99,4.2,17,https://www.amazon.com/gp/slredirect/picassoRedirect.html/ref=pa_sp_btf_aps_sr_pg1_1?ie=UTF8&adId=A01267482MHLS69E9H28M&url=%2FKoonmi-24x36-Poster-Prints-Artwork%2Fdp%2FB08PVW6BQH%2Fref%3Dsr_1_55_sspa%3Fdchild%3D1%26keywords%3Dposter%26qid%3D1625449381%26sr%3D8-55-spons%26psc%3D1&qualifier=1625449381&id=2480850689657370&widgetName=sp_btf
1.9305019305019306,Alexander Hamilton Quote - Lin-Manuel Miranda Musical Merchandise - Broadway Play Merch - Inspirational Gift for American History Fan - Motivational Wall Art Decor Room Decoration Poster Print,12.95,5.0,1,https://www.amazon.com/gp/slredirect/picassoRedirect.html/ref=pa_sp_btf_aps_sr_pg1_1?ie=UTF8&adId=A081431637C5B6JU7438C&url=%2FAlexander-Hamilton-Quote-Inspirational-Motivational%2Fdp%2FB08PPWF8V7%2Fref%3Dsr_1_57_sspa%3Fdchild%3D1%26keywords%3Dposter%26qid%3D1625449381%26sr%3D8-57-spons%26psc%3D1&qualifier=1625449381&id=2480850689657370&widgetName=sp_btf
